Workbook

Sheet Code
A2: Orig | M2: Tested:

Sheet All_Orig
A1: CUBE | B1: Assurant GFS Dev:}ElementAttributes_Program Code
A3: Program Code | B3: SSAP Excl Flag
A4: Blank Program Code | B4: Y
A5: GP0DA | B5: Y
A6: GP0DB | B6: Y
A7: GP0K4 | B7: Y
A8: N/A | B8: Y
A9: GP001
A10: GP002
A11: GP004
A12: GP005
A13: GP007
A14: GP009
A15: GP014
A16: GP016
A17: GP018
A18: GP019
A19: GP020
A20: GP021
... A53: GP1B4

Sheet Incl_Orig
A1: CUBE | B1: Assurant GFS Dev:}ElementAttributes_Program Code
A3: Program Code | B3: SSAP Excl Flag
A4: Total Incl Prgm Codes
A5: GP0LP
A6: GP069
A7: GP056
A8: GP027
A9: GP061
A10: GP028
A11: GP161
A12: GP018
A13: GP0LW
A14: GP009
A15: GP0PV
... A49: GP005

Sheet All_Test
A1: CUBE | B1: Assurant GFS Dev:}ElementAttributes_Program Code
A3: Program Code | B3: SSAP Excl Flag | C3: PASS
A4: N/A | B4: Y | C4: =VLOOKUP(A4,Incl_Test!$A$4:$A$50,1,0) -> #N/A
A5: Blank Program Code | B5: Y | C5: =VLOOKUP(A5,Incl_Test!$A$4:$A$50,1,0) -> #N/A
A6: GP0DA | B6: Y | C6: =VLOOKUP(A6,Incl_Test!$A$4:$A$50,1,0) -> #N/A
A7: GP0K4 | B7: Y | C7: =VLOOKUP(A7,Incl_Test!$A$4:$A$50,1,0) -> #N/A
A8: GP0DB | B8: Y | C8: =VLOOKUP(A8,Incl_Test!$A$4:$A$50,1,0) -> #N/A
A9: Total Program Code | C9: =VLOOKUP(A9,Incl_Test!$A$4:$A$50,1,0) -> #N/A
A10: GP0LP | C10: =VLOOKUP(A10,Incl_Test!$A$4:$A$50,1,0) -> GP0LP
A11: GP069 | C11: =VLOOKUP(A11,Incl_Test!$A$4:$A$50,1,0) -> GP069
A12: GP056 | C12: =VLOOKUP(A12,Incl_Test!$A$4:$A$50,1,0) -> GP056
A13: GP027 | C13: =VLOOKUP(A13,Incl_Test!$A$4:$A$50,1,0) -> GP027
A14: GP061 | C14: =VLOOKUP(A14,Incl_Test!$A$4:$A$50,1,0) -> GP061
A15: GP028 | C15: =VLOOKUP(A15,Incl_Test!$A$4:$A$50,1,0) -> GP028
A16: GP161 | C16: =VLOOKUP(A16,Incl_Test!$A$4:$A$50,1,0) -> GP161
A17: GP018 | C17: =VLOOKUP(A17,Incl_Test!$A$4:$A$50,1,0) -> GP018
A18: GP0LW | C18: =VLOOKUP(A18,Incl_Test!$A$4:$A$50,1,0) -> GP0LW
A19: GP009 | C19: =VLOOKUP(A19,Incl_Test!$A$4:$A$50,1,0) -> GP009
A20: GP0PV | C20: =VLOOKUP(A20,Incl_Test!$A$4:$A$50,1,0) -> GP0PV
... A55: GP0K5 | C55: =VLOOKUP(A55,Incl_Test!$A$4:$A$50,1,0) -> GP0K5

Sheet Incl_Test
A1: CUBE | B1: Assurant GFS Dev:}ElementAttributes_Program Code
A3: Program Code | B3: SSAP Excl Flag | C3: PASS
A4: Total Incl Prgm Codes
A5: GP0LP | C5: =VLOOKUP(A5,All_Test!$A$4:$B$55,2,0)
A6: GP069 | C6: =VLOOKUP(A6,All_Test!$A$4:$B$55,2,0)
A7: GP056 | C7: =VLOOKUP(A7,All_Test!$A$4:$B$55,2,0)
A8: GP027 | C8: =VLOOKUP(A8,All_Test!$A$4:$B$55,2,0)
A9: GP061 | C9: =VLOOKUP(A9,All_Test!$A$4:$B$55,2,0)
A10: GP028 | C10: =VLOOKUP(A10,All_Test!$A$4:$B$55,2,0)
A11: GP161 | C11: =VLOOKUP(A11,All_Test!$A$4:$B$55,2,0)
A12: GP018 | C12: =VLOOKUP(A12,All_Test!$A$4:$B$55,2,0)
A13: GP0LW | C13: =VLOOKUP(A13,All_Test!$A$4:$B$55,2,0)
A14: GP009 | C14: =VLOOKUP(A14,All_Test!$A$4:$B$55,2,0)
A15: GP0PV | C15: =VLOOKUP(A15,All_Test!$A$4:$B$55,2,0)
A16: GP0PL | C16: =VLOOKUP(A16,All_Test!$A$4:$B$55,2,0)
... A50: GP0K5 | C50: =VLOOKUP(A50,All_Test!$A$4:$B$55,2,0)

Sheet Load table
A1: Unique list of Pgm Codes: | B1: Lkup | C1: Flag
A2: GP009 | B2: =VLOOKUP(A2,All_Test!$A$4:$A$55,1,0) -> GP009 | C2: =VLOOKUP(A2,All_Test!$A$4:$B$55,2,0)
A3: GP018 | B3: =VLOOKUP(A3,All_Test!$A$4:$A$55,1,0) -> GP018 | C3: =VLOOKUP(A3,All_Test!$A$4:$B$55,2,0)
A4: GP020 | B4: =VLOOKUP(A4,All_Test!$A$4:$A$55,1,0) -> GP020 | C4: =VLOOKUP(A4,All_Test!$A$4:$B$55,2,0)
A5: GP021 | B5: =VLOOKUP(A5,All_Test!$A$4:$A$55,1,0) -> GP021 | C5: =VLOOKUP(A5,All_Test!$A$4:$B$55,2,0)
A6: GP027 | B6: =VLOOKUP(A6,All_Test!$A$4:$A$55,1,0) -> GP027 | C6: =VLOOKUP(A6,All_Test!$A$4:$B$55,2,0)
A7: GP028 | B7: =VLOOKUP(A7,All_Test!$A$4:$A$55,1,0) -> GP028 | C7: =VLOOKUP(A7,All_Test!$A$4:$B$55,2,0)
A8: GP053 | B8: =VLOOKUP(A8,All_Test!$A$4:$A$55,1,0) -> GP053 | C8: =VLOOKUP(A8,All_Test!$A$4:$B$55,2,0)
A9: GP056 | B9: =VLOOKUP(A9,All_Test!$A$4:$A$55,1,0) -> GP056 | C9: =VLOOKUP(A9,All_Test!$A$4:$B$55,2,0)
A10: GP061 | B10: =VLOOKUP(A10,All_Test!$A$4:$A$55,1,0) -> GP061 | C10: =VLOOKUP(A10,All_Test!$A$4:$B$55,2,0)
A11: GP065 | B11: =VLOOKUP(A11,All_Test!$A$4:$A$55,1,0) -> GP065 | C11: =VLOOKUP(A11,All_Test!$A$4:$B$55,2,0)
A12: GP069 | B12: =VLOOKUP(A12,All_Test!$A$4:$A$55,1,0) -> GP069 | C12: =VLOOKUP(A12,All_Test!$A$4:$B$55,2,0)
A13: GP0A5 | B13: =VLOOKUP(A13,All_Test!$A$4:$A$55,1,0) -> GP0A5 | C13: =VLOOKUP(A13,All_Test!$A$4:$B$55,2,0)
... A33: GP1B4 | B33: =VLOOKUP(A33,All_Test!$A$4:$A$55,1,0) -> GP1B4 | C33: =VLOOKUP(A33,All_Test!$A$4:$B$55,2,0)
